resource	kind	name	abstract	type_kind
ifcgeometryresource	type	ifcarcindex	false	defined
ifcgeometryresource	function	ifcassociatedsurface	false	-
ifcgeometryresource	entity	ifcaxis1placement	false	-
ifcgeometryresource	type	ifcaxis2placement	false	select
ifcgeometryresource	entity	ifcaxis2placement2d	false	-
ifcgeometryresource	entity	ifcaxis2placement3d	false	-
ifcgeometryresource	function	ifcbaseaxis	false	-
ifcgeometryresource	entity	ifcboundarycurve	false	-
ifcgeometryresource	entity	ifcboundedcurve	true	-
ifcgeometryresource	entity	ifcboundedsurface	true	-
ifcgeometryresource	entity	ifcbsplinecurve	true	-
ifcgeometryresource	type	ifcbsplinecurveform	false	enum
ifcgeometryresource	entity	ifcbsplinecurvewithknots	false	-
ifcgeometryresource	entity	ifcbsplinesurface	true	-
ifcgeometryresource	type	ifcbsplinesurfaceform	false	enum
ifcgeometryresource	entity	ifcbsplinesurfacewithknots	false	-
ifcgeometryresource	function	ifcbuild2axes	false	-
ifcgeometryresource	function	ifcbuildaxes	false	-
ifcgeometryresource	entity	ifccartesianpoint	false	-
ifcgeometryresource	entity	ifccartesiantransformationoperator	true	-
ifcgeometryresource	entity	ifccartesiantransformationoperator2d	false	-
ifcgeometryresource	entity	ifccartesiantransformationoperator2dnonuniform	false	-
ifcgeometryresource	entity	ifccartesiantransformationoperator3d	false	-
ifcgeometryresource	entity	ifccartesiantransformationoperator3dnonuniform	false	-
ifcgeometryresource	entity	ifccircle	false	-
ifcgeometryresource	entity	ifccompositecurve	false	-
ifcgeometryresource	entity	ifccompositecurveonsurface	false	-
ifcgeometryresource	entity	ifccompositecurvesegment	false	-
ifcgeometryresource	entity	ifcconic	true	-
ifcgeometryresource	function	ifcconsecutivesegments	false	-
ifcgeometryresource	function	ifcconstraintsparambspline	false	-
ifcgeometryresource	function	ifccrossproduct	false	-
ifcgeometryresource	entity	ifccurve	true	-
ifcgeometryresource	entity	ifccurveboundedplane	false	-
ifcgeometryresource	entity	ifccurveboundedsurface	false	-
ifcgeometryresource	function	ifccurvedim	false	-
ifcgeometryresource	type	ifccurveonsurface	false	select
ifcgeometryresource	function	ifccurveweightspositive	false	-
ifcgeometryresource	entity	ifccylindricalsurface	false	-
ifcgeometryresource	type	ifcdimensioncount	false	defined
ifcgeometryresource	entity	ifcdirection	false	-
ifcgeometryresource	function	ifcdotproduct	false	-
ifcgeometryresource	entity	ifcelementarysurface	true	-
ifcgeometryresource	entity	ifcellipse	false	-
ifcgeometryresource	function	ifcfirstprojaxis	false	-
ifcgeometryresource	entity	ifcgeometricrepresentationitem	true	-
ifcgeometryresource	function	ifcgetbasissurface	false	-
ifcgeometryresource	entity	ifcindexedpolycurve	false	-
ifcgeometryresource	entity	ifcintersectioncurve	false	-
ifcgeometryresource	type	ifcknottype	false	enum
ifcgeometryresource	entity	ifcline	false	-
ifcgeometryresource	type	ifclineindex	false	defined
ifcgeometryresource	function	ifclisttoarray	false	-
ifcgeometryresource	function	ifcmakearrayofarray	false	-
ifcgeometryresource	entity	ifcmappeditem	false	-
ifcgeometryresource	function	ifcnormalise	false	-
ifcgeometryresource	entity	ifcoffsetcurve2d	false	-
ifcgeometryresource	entity	ifcoffsetcurve3d	false	-
ifcgeometryresource	function	ifcorthogonalcomplement	false	-
ifcgeometryresource	entity	ifcouterboundarycurve	false	-
ifcgeometryresource	entity	ifcpcurve	false	-
ifcgeometryresource	entity	ifcplacement	true	-
ifcgeometryresource	entity	ifcplane	false	-
ifcgeometryresource	entity	ifcpoint	true	-
ifcgeometryresource	entity	ifcpointoncurve	false	-
ifcgeometryresource	entity	ifcpointonsurface	false	-
ifcgeometryresource	entity	ifcpolyline	false	-
ifcgeometryresource	type	ifcpreferredsurfacecurverepresentation	false	enum
ifcgeometryresource	entity	ifcrationalbsplinecurvewithknots	false	-
ifcgeometryresource	entity	ifcrationalbsplinesurfacewithknots	false	-
ifcgeometryresource	entity	ifcrectangulartrimmedsurface	false	-
ifcgeometryresource	entity	ifcreparametrisedcompositecurvesegment	false	-
ifcgeometryresource	entity	ifcrepresentationitem	true	-
ifcgeometryresource	entity	ifcrepresentationmap	false	-
ifcgeometryresource	function	ifcsameaxis2placement	false	-
ifcgeometryresource	function	ifcsamecartesianpoint	false	-
ifcgeometryresource	function	ifcsamedirection	false	-
ifcgeometryresource	function	ifcsamevalue	false	-
ifcgeometryresource	function	ifcscalartimesvector	false	-
ifcgeometryresource	entity	ifcseamcurve	false	-
ifcgeometryresource	function	ifcsecondprojaxis	false	-
ifcgeometryresource	type	ifcsegmentindexselect	false	select
ifcgeometryresource	entity	ifcsphericalsurface	false	-
ifcgeometryresource	entity	ifcsurface	true	-
ifcgeometryresource	entity	ifcsurfacecurve	false	-
ifcgeometryresource	entity	ifcsurfaceoflinearextrusion	false	-
ifcgeometryresource	entity	ifcsurfaceofrevolution	false	-
ifcgeometryresource	function	ifcsurfaceweightspositive	false	-
ifcgeometryresource	entity	ifcsweptsurface	true	-
ifcgeometryresource	entity	ifctoroidalsurface	false	-
ifcgeometryresource	type	ifctransitioncode	false	enum
ifcgeometryresource	entity	ifctrimmedcurve	false	-
ifcgeometryresource	type	ifctrimmingpreference	false	enum
ifcgeometryresource	type	ifctrimmingselect	false	select
ifcgeometryresource	entity	ifcvector	false	-
ifcgeometryresource	function	ifcvectordifference	false	-
ifcgeometryresource	type	ifcvectorordirection	false	select
ifcgeometryresource	function	ifcvectorsum	false	-
ifcgeometricmodelresource	entity	ifcadvancedbrep	false	-
ifcgeometricmodelresource	entity	ifcadvancedbrepwithvoids	false	-
ifcgeometricmodelresource	entity	ifcblock	false	-
ifcgeometricmodelresource	entity	ifcbooleanclippingresult	false	-
ifcgeometricmodelresource	type	ifcbooleanoperand	false	select
ifcgeometricmodelresource	type	ifcbooleanoperator	false	enum
ifcgeometricmodelresource	entity	ifcbooleanresult	false	-
ifcgeometricmodelresource	entity	ifcboundingbox	false	-
ifcgeometricmodelresource	entity	ifcboxedhalfspace	false	-
ifcgeometricmodelresource	entity	ifccartesianpointlist	true	-
ifcgeometricmodelresource	entity	ifccartesianpointlist2d	false	-
ifcgeometricmodelresource	entity	ifccartesianpointlist3d	false	-
ifcgeometricmodelresource	entity	ifccsgprimitive3d	true	-
ifcgeometricmodelresource	type	ifccsgselect	false	select
ifcgeometricmodelresource	entity	ifccsgsolid	false	-
ifcgeometricmodelresource	entity	ifcextrudedareasolid	false	-
ifcgeometricmodelresource	entity	ifcextrudedareasolidtapered	false	-
ifcgeometricmodelresource	entity	ifcfacebasedsurfacemodel	false	-
ifcgeometricmodelresource	entity	ifcfacetedbrep	false	-
ifcgeometricmodelresource	entity	ifcfacetedbrepwithvoids	false	-
ifcgeometricmodelresource	entity	ifcfixedreferencesweptareasolid	false	-
ifcgeometricmodelresource	entity	ifcgeometriccurveset	false	-
ifcgeometricmodelresource	entity	ifcgeometricset	false	-
ifcgeometricmodelresource	type	ifcgeometricsetselect	false	select
ifcgeometricmodelresource	entity	ifchalfspacesolid	false	-
ifcgeometricmodelresource	entity	ifcindexedpolygonalface	false	-
ifcgeometricmodelresource	entity	ifcindexedpolygonalfacewithvoids	false	-
ifcgeometricmodelresource	entity	ifcmanifoldsolidbrep	true	-
ifcgeometricmodelresource	function	ifcpointlistdim	false	-
ifcgeometricmodelresource	entity	ifcpolygonalboundedhalfspace	false	-
ifcgeometricmodelresource	entity	ifcpolygonalfaceset	false	-
ifcgeometricmodelresource	entity	ifcrectangularpyramid	false	-
ifcgeometricmodelresource	entity	ifcrevolvedareasolid	false	-
ifcgeometricmodelresource	entity	ifcrevolvedareasolidtapered	false	-
ifcgeometricmodelresource	entity	ifcrightcircularcone	false	-
ifcgeometricmodelresource	entity	ifcrightcircularcylinder	false	-
ifcgeometricmodelresource	entity	ifcsectionedspine	false	-
ifcgeometricmodelresource	entity	ifcshellbasedsurfacemodel	false	-
ifcgeometricmodelresource	entity	ifcsolidmodel	true	-
ifcgeometricmodelresource	entity	ifcsphere	false	-
ifcgeometricmodelresource	entity	ifcsurfacecurvesweptareasolid	false	-
ifcgeometricmodelresource	entity	ifcsweptareasolid	true	-
ifcgeometricmodelresource	entity	ifcsweptdisksolid	false	-
ifcgeometricmodelresource	entity	ifcsweptdisksolidpolygonal	false	-
ifcgeometricmodelresource	function	ifctaperedsweptareaprofiles	false	-
ifcgeometricmodelresource	entity	ifctessellatedfaceset	true	-
ifcgeometricmodelresource	entity	ifctessellateditem	true	-
ifcgeometricmodelresource	entity	ifctriangulatedfaceset	false	-
ifcgeometricconstraintresource	entity	ifcconnectioncurvegeometry	false	-
ifcgeometricconstraintresource	entity	ifcconnectiongeometry	true	-
ifcgeometricconstraintresource	entity	ifcconnectionpointeccentricity	false	-
ifcgeometricconstraintresource	entity	ifcconnectionpointgeometry	false	-
ifcgeometricconstraintresource	entity	ifcconnectionsurfacegeometry	false	-
ifcgeometricconstraintresource	entity	ifcconnectionvolumegeometry	false	-
ifcgeometricconstraintresource	function	ifccorrectlocalplacement	false	-
ifcgeometricconstraintresource	type	ifccurveoredgecurve	false	select
ifcgeometricconstraintresource	entity	ifcgridaxis	false	-
ifcgeometricconstraintresource	entity	ifcgridplacement	false	-
ifcgeometricconstraintresource	type	ifcgridplacementdirectionselect	false	select
ifcgeometricconstraintresource	entity	ifclocalplacement	false	-
ifcgeometricconstraintresource	entity	ifcobjectplacement	true	-
ifcgeometricconstraintresource	type	ifcpointorvertexpoint	false	select
ifcgeometricconstraintresource	type	ifcsolidorshell	false	select
ifcgeometricconstraintresource	type	ifcsurfaceorfacesurface	false	select
ifcgeometricconstraintresource	entity	ifcvirtualgridintersection	false	-
